user_name,timestamp,text,emojis,comments,reposts,likes,image_link,tweet_url
"Australian Department of Veterans' Affairs@DVAAus·Dec 2, 2024",2024-12-02T05:30:01.000Z,The Government has provided its response to the Royal Commission into Defence and Veteran Suicide’s Final Report. The majority of the Royal Commission’s recommendations were accepted: https://dva.gov.au/documents-and-publications/royal-commission-publications…,,0,0,0,https://pbs.twimg.com/media/GdxS9I9WoAAS9Eg?format=jpg&name=small,https://x.com/DVAAus/status/1863455558935646313
"Australian Department of Veterans' Affairs@DVAAus·Nov 26, 2024",2024-11-26T05:00:01.000Z,The day has arrived! Join us tonight for the PM’s National Veteran Employment Awards. Let’s celebrate the significant contributions of organisations and individual veterans and their partners in our civilian workforce. Live updates here: https://linkedin.com/company/veteransemploymentau/…,,0,0,0,https://pbs.twimg.com/media/GdSSjPjWYAAQr7E?format=jpg&name=small,https://x.com/DVAAus/status/1861273682821222735
"Australian Department of Veterans' Affairs@DVAAus·Nov 20, 2024",2024-11-20T04:32:47.000Z,"Just under one week until the PM’s Veteran Employment Awards! Join us in celebrating the invaluable contributions of organisations and individual veterans and their partners in our civilian workforce. Updates at: https://linkedin.com/company/veteransemploymentau/…
#PMVeteranAwards #VeteranEmployment",,0,0,0,https://pbs.twimg.com/media/GczSx0LXgAANEUl?format=jpg&name=small,https://x.com/DVAAus/status/1859092502457745557
"Australian Department of Veterans' Affairs@DVAAus·Nov 4, 2024",2024-11-03T23:00:01.000Z,Expressions of interest for the 2025 Women Veterans Policy Forum are now open! We want to hear from women who have served in the ADF. Your voice matters. Express your interest here: https://dva.qualtrics.com/jfe/form/SV_4H0ruaSx0djo9oO…,,0,0,0,https://pbs.twimg.com/media/GbftLMdaYAEClcb?format=jpg&name=small,https://x.com/DVAAus/status/1853210551935000936
"Australian Department of Veterans' Affairs@DVAAus·Oct 31, 2024",2024-10-31T05:00:01.000Z,"We recently spoke with Bruce, who sought help from an ESO advocate following his partner’s passing in 2021. You can find his story on the DVA website – http://dva.gov.au/latest-news",,0,0,0,,https://x.com/DVAAus/status/1851851598886047842
"Australian Department of Veterans' Affairs@DVAAus·Oct 30, 2024",2024-10-30T03:09:49.000Z,"69 grants will be awarded to ex-service and community organisations, and they will receive a share of over $3.7 million in grant funding through our Veteran Wellbeing Grants program. Read more: http://dva.gov.au/VWG",,0,0,0,,https://x.com/DVAAus/status/1851461478911504702
"Australian Department of Veterans' Affairs@DVAAus·Oct 22, 2024",2024-10-22T05:54:41.000Z,"The veteran community came together to put on some fantastic events for #VeteransHealthWeek 2024 in support of the theme Keep Connected. Thank you to all those in the veteran community who hosted an event, and to those who participated. Tell us about your experience (1/3)",,0,0,0,,https://x.com/DVAAus/status/1848603866184519920
"Australian Department of Veterans' Affairs@DVAAus·Oct 22, 2024",2024-10-22T05:56:12.000Z,"Feedback survey for event holders (organisations): http://dva.qualtrics.com/jfe/form/SV_3VQVx3gah8SIImy…

(3/3)",,0,0,0,,https://x.com/DVAAus/status/1848604246134173699
"Australian Department of Veterans' Affairs@DVAAus·Oct 22, 2024",2024-10-22T05:55:49.000Z,"We’d love you to tell us about your 2024 Veterans’ Health Week experience by completing a survey – for participants: http://dva.qualtrics.com/jfe/form/SV_8pHHnLGri7fy5Cu…

(2/3)",,0,0,0,,https://x.com/DVAAus/status/1848604151091196177
"Australian Department of Veterans' Affairs@DVAAus·Sep 20, 2024",2024-09-20T04:36:02.000Z,This week we commemorated the 25th anniversary of Australian service in Timor-Leste with a seminar and National Commemorative Service. Lest we forget. Click here to view photos from today’s national commemorative service: https://flic.kr/s/aHBqjBJgeE,,0,0,0,https://pbs.twimg.com/media/GX5KiEJXoAANrkQ?format=jpg&name=360x360,https://x.com/DVAAus/status/1836987659664662711
"Australian Department of Veterans' Affairs@DVAAus·Sep 19, 2024",2024-09-18T22:00:04.000Z,"From tomorrow, some DVA pension and compensation payments for veterans and families will receive an indexation increase. The increase will appear in payments automatically, with the first full payment happening 17 October. More info: http://dva.gov.au/financial-support…",,0,0,0,,https://x.com/DVAAus/status/1836525625911259228
"Australian Department of Veterans' Affairs@DVAAus·Sep 17, 2024",2024-09-17T07:00:01.000Z,"From 20 September 2024, there will be a 10% increase to the maximum rate of rent assistance to help with cost-of-living pressures. Learn more at: http://dva.gov.au/financial-support/payment-rates/summary-pension-rates-limits-and-allowances…",,0,0,0,https://pbs.twimg.com/media/GXqOuh2XsAAUqXv?format=jpg&name=small,https://x.com/DVAAus/status/1835936729812943264
"Australian Department of Veterans' Affairs@DVAAus·Sep 14, 2024",2024-09-13T23:00:01.000Z,"Today is National Peacekeepers’ Day. 

We acknowledge all Australians who have served on peacekeeping operations since 1947. 

Lest we forget. 

#ADFVeterans #AusNavy #AusArmy #AusAirForce #AFP #PeacekeepersDay #TimorLeste25",,0,0,0,,https://x.com/DVAAus/status/1834728771494010978
"Australian Department of Veterans' Affairs@DVAAus·Sep 9, 2024",2024-09-09T07:00:01.000Z,The Government has tabled the Royal Commission into Defence and Veteran Suicide’s Final Report in the Australian Parliament. Please contact @OpenArmsSupport on 1800 011 046 if you need support.,,0,0,0,https://pbs.twimg.com/media/GXBCAkgWoAAdsDt?format=jpg&name=small,https://x.com/DVAAus/status/1833037627726922021
"Australian Department of Veterans' Affairs@DVAAus·Sep 5, 2024",2024-09-05T05:40:52.000Z,"On 19 September 2024, the Minister for Veterans’ Affairs @mattkeogh will host a Veteran Forum in Brisbane. Register here: https://dva.gov.au/about/engagement/veteran-forums…",,0,0,0,https://pbs.twimg.com/media/GWsJh_xXQAAuWrl?format=jpg&name=small,https://x.com/DVAAus/status/1831568156629835862
"Australian Department of Veterans' Affairs@DVAAus·Aug 31, 2024",2024-08-30T22:00:00.000Z,"Today, we commemorate Malaya and Borneo Veterans’ Day. We acknowledge all who served during the Malayan Emergency (1948-1960) and Indonesian Confrontation (1962-1966). Lest we forget.",,0,0,0,,https://x.com/DVAAus/status/1829640239490461796
"Australian Department of Veterans' Affairs@DVAAus·Aug 28, 2024",2024-08-28T00:59:52.000Z,"Next month, the Minister for Veterans’ Affairs @MattKeogh will host two Veteran Forums in Perth. Register here: https://dva.gov.au/about/engagement/veteran-forums…",,0,0,0,,https://x.com/DVAAus/status/1828598337680916966
"Australian Department of Veterans' Affairs@DVAAus·Aug 23, 2024",2024-08-23T02:20:01.000Z,The Ex-Service Organisation Roundtable (ESORT) Working Group has proposed the creation of an Institute of Veterans’ Advocates  to strenghten advocacy support for veterans and families. For more info and to have your say visit:  https://dva.gov.au/news/latest-stories/institute-veterans-advocates-consultation…,,0,0,0,,https://x.com/DVAAus/status/1826806569180250578
"Australian Department of Veterans' Affairs@DVAAus·Aug 21, 2024",2024-08-21T02:21:02.000Z,"Next week the Minister for Veterans’ Affairs, @mattkeogh, will host a series of Veteran Forums in Adelaide, Sydney and Melbourne. Register here: https://dva.gov.au/about/engagement/veteran-forums…",,0,0,0,,https://x.com/DVAAus/status/1826082052518654294
"Australian Department of Veterans' Affairs@DVAAus·Aug 18, 2024",2024-08-18T00:00:01.000Z,"Today we acknowledge Vietnam Veterans’ Day. Coinciding with the anniversary of the Battle of Long Tan, today we commemorate the service of all who served in the Vietnam War. Lest we forget.",,0,0,0,,https://x.com/DVAAus/status/1824959400903135542
"Australian Department of Veterans' Affairs@DVAAus·Jul 23, 2024",2024-07-22T23:38:47.000Z,"On Friday 20 September 2024, we commemorate the 25th anniversary of Australian service in Timor-Leste. A national commemorative service will be held at the Australian Peacekeeping Memorial on Anzac Parade in Canberra. Register here: https://dva.gov.au/recognition/commemorations/commemorative-services/commemorative-services-australia/25th-anniversary-australian-service-timor-leste…",,0,0,0,,https://x.com/DVAAus/status/1815531969754575266
"Australian Department of Veterans' Affairs@DVAAus·Jul 19, 2024",2024-07-19T04:00:02.000Z,"26 July is the last chance to apply for Vietnam War commemorative medallion honouring the service and sacrifice of Australians who served in the Vietnam War. Vietnam veterans, their widow or other family members can apply at:https://dva.gov.au/recognition/commemorations/commemorative-services/commemorative-services-australia/50th-anniversary-end-australias-involvement-vietnam-war/vietnam-war-commemorative-medallion-and-certificate…
#Vietnam50",,0,0,0,https://pbs.twimg.com/media/GS0mI8fXgAA1ckn?format=jpg&name=small,https://x.com/DVAAus/status/1814148163348963592
"Australian Department of Veterans' Affairs@DVAAus·Jul 18, 2024",2024-07-18T07:31:03.000Z,$4.7 million in grant funding has been awarded to 102 ex-service organisations (ESOs) through the Building Excellence in Support and Training grants program. These grants support ESOs to deliver advocacy services to veterans in their local community. More: http://grants.gov.au,,0,0,0,https://pbs.twimg.com/media/GSwM2b7XUAA3DcY?format=jpg&name=small,https://x.com/DVAAus/status/1813838881147531537
"Australian Department of Veterans' Affairs@DVAAus·Jul 16, 2024",2024-07-16T04:39:48.000Z,"The DVA Client Insights Survey closing date has been extended until 11:59pm (AEST) Sunday, 21 July. This will allow even more DVA clients to complete the survey. Complete the survey online: http://research.orima.com.au/dva/client/register.php?v=soc…",,0,0,0,https://pbs.twimg.com/media/GSlSd-zW8AAOTc1?format=jpg&name=small,https://x.com/DVAAus/status/1813071007491489951
"Australian Department of Veterans' Affairs@DVAAus·Jul 12, 2024",2024-07-12T04:00:01.000Z,"Applications for the Vietnam War commemorative medallion, honouring the service and sacrifice of Australians who served in the Vietnam War, will close on 26 July 2024. Vietnam veterans, their widow or other family member can apply: http://dva.gov.au/vietnam50",,0,0,0,https://pbs.twimg.com/media/GSQjAjAa8AAcK0Y?format=jpg&name=small,https://x.com/DVAAus/status/1811611445110411290
"Australian Department of Veterans' Affairs@DVAAus·Jul 11, 2024",2024-07-11T00:46:51.000Z,Over the last three months we’ve been busy transitioning our rehabilitation clients across to a new program model. That transition is now complete. Read more here: https://dva.gov.au/news/latest-stories/rehabilitation-program-service-delivery-enhancements-are-complete…,,0,0,0,,https://x.com/DVAAus/status/1811200446549156089
"Australian Department of Veterans' Affairs@DVAAus·Jul 9, 2024",2024-07-09T00:04:55.000Z,"Have your say on a new Ex-Service Organisation (ESO) Peak Body that meets the needs of you, your family, ESOs and other organisations providing advocacy support to veterans and families. Complete the survey here: https://nousgroupau.qualtrics.com/jfe/form/SV_1AfcJSDMoQkHP4W…",,0,0,0,,https://x.com/DVAAus/status/1810465119148585231
"Australian Department of Veterans' Affairs@DVAAus·Jul 8, 2024",2024-07-08T06:28:15.000Z,"Last year, a Commemorative Medallion was produced for Australian veterans of the Vietnam War, their widow or other family member acknowledging the 50th anniversary of the end of Australia's involvement in the Vietnam War. Applications close 26 July 2024: http://dva.gov.au/vietnam50",,0,0,0,,https://x.com/DVAAus/status/1810199198886686974
"Australian Department of Veterans' Affairs@DVAAus·Jul 3, 2024",2024-07-03T05:51:19.000Z,Veterans’ Health Week 2024 is being held 13-20 October and is themed Keep Connected. Applications are now open for prospective event organisers to apply for up to $1000 in one-off funding to support their event. Read more: http://dva.gov.au/vhw,,0,0,0,https://pbs.twimg.com/media/GRimLFtWcAAlOD9?format=jpg&name=small,https://x.com/DVAAus/status/1808377966096691645
"Australian Department of Veterans' Affairs@DVAAus·Jul 2, 2024",2024-07-02T06:00:01.000Z,"A lot of different people including veterans and families can be targeted by scammers. Read this latest news article, written to help you spot and then stop investment scams: https://dva.gov.au/news/latest-stories/happy-2024-2025-financial-year…",,0,0,0,https://pbs.twimg.com/media/GRdek0BXkAEYoU-?format=jpg&name=small,https://x.com/DVAAus/status/1808017766550515772
"Australian Department of Veterans' Affairs@DVAAus·Jul 1, 2024",2024-06-30T23:16:46.000Z,"In line with annual indexation of the income and assets thresholds, some income support pension payments are being increased from today. More: https://dva.gov.au/get-support/financial-support/payment-rates/summary-pension-rates-limits-and-allowances…",,0,0,0,https://pbs.twimg.com/media/GRW4sHAXEAAHsPb?format=jpg&name=small,https://x.com/DVAAus/status/1807553898267161030
"Australian Department of Veterans' Affairs@DVAAus·Jun 27, 2024",2024-06-27T01:44:49.000Z,"DVA veteran card holders can now reach for their phones or other smart devices to access their gold and white, digital veteran cards in their myGov wallet.",,0,0,0,,https://x.com/DVAAus/status/1806141604635234777
"Australian Department of Veterans' Affairs@DVAAus·Jun 25, 2024",2024-06-25T00:13:30.000Z,The Client Insights Survey (formerly Client Satisfaction Survey) is open! Have your say and complete the survey online today! http://research.orima.com.au/dva/client/register.php?v=soc…,,0,0,0,https://pbs.twimg.com/media/GQ4MIzjXoAAWoqa?format=jpg&name=small,https://x.com/DVAAus/status/1805393848387911990
"Australian Department of Veterans' Affairs@DVAAus·Jun 20, 2024",2024-06-20T06:34:34.000Z,"Congratulations to this years’ 37 Long Tan Bursary recipients who will each receive up to $12,000 to help with tertiary study expenses. Applications for the 2025 Long Tan Bursary open soon http://dva.gov.au/about-us/overview/consultations-and-grants/grants-and-bursaries/long-tan-bursary…",,0,0,0,https://pbs.twimg.com/media/GQfzaAyWQAAvc6v?format=jpg&name=small,https://x.com/DVAAus/status/1803677806619947306
"Australian Department of Veterans' Affairs@DVAAus·Jun 20, 2024",2024-06-20T03:11:15.000Z,Apply for the Veterans’ Acute Housing Program by 13 September for a share in $30m in grant funding to build crisis & transitional housing & provide specialist services for veterans & families experiencing or at risk of homelessness. Click to apply: http://spr.ly/6019gKxj1,,0,0,0,https://pbs.twimg.com/media/GQfE3uZWIAACkVQ?format=png&name=360x360,https://x.com/DVAAus/status/1803626639793770599
"Australian Department of Veterans' Affairs@DVAAus·Jun 20, 2024",2024-06-19T23:00:01.000Z,MyService will be unavailable from 11:00pm AEDT Friday 20 June to 1:00pm AEDT Sunday 23 June 2024 while we apply updates to the system. We appreciate your patience. For more information on MyService please visit our website: https://dva.gov.au/myservice,,0,0,0,https://pbs.twimg.com/media/GQeLXqZXAAAq3aS?format=jpg&name=small,https://x.com/DVAAus/status/1803563417267056821
"Australian Department of Veterans' Affairs@DVAAus·Jun 12, 2024",2024-06-11T23:00:01.000Z,"Some Veteran Card holders with chronic health conditions may be eligible for the Coordinated Veterans’ Care Program. This program supports you to live a healthier life through effective, ongoing management of your condition. For more info: http://dva.gov.au/CVCforveterans",,0,0,0,,https://x.com/DVAAus/status/1800664314300203151
"Australian Department of Veterans' Affairs@DVAAus·Jun 11, 2024",2024-06-10T22:30:01.000Z,"Today marks 25 years since the @AusFedPolice arrival in East Timor, now Timor-Leste, as part of the @UN Assistance Mission in East Timor (UNAMET). We honour all those who served.",,0,0,0,,https://x.com/DVAAus/status/1800294374149915021
"Australian Department of Veterans' Affairs@DVAAus·Jun 7, 2024",2024-06-07T04:00:03.000Z,"Each year, the Australian Government commits $3.5 million to the Saluting Their Service Grants Program to help preserve our nation’s wartime heritage. Applications for the last round of this financial year are now open. Apply at GrantConnect: http://grants.gov.au",,0,0,0,,https://x.com/DVAAus/status/1798927878056288759
"Australian Department of Veterans' Affairs@DVAAus·Jun 6, 2024",2024-06-06T05:00:01.000Z,"Today marks the 55th anniversary of the Battle of Binh Ba of the Vietnam War. As we reflect on the sacrifices made by those who served and their families, we also remember all who have been impacted by war and conflict. To learn more, visit https://anzacportal.dva.gov.au/wars-and-missions/vietnam-war-1962-1975/events/combat/battle-binh-ba-1969…",,0,0,0,,https://x.com/DVAAus/status/1798580582005588056
"Australian Department of Veterans' Affairs@DVAAus·Jun 6, 2024",2024-06-05T22:00:01.000Z,"Today we commemorate the 80th Anniversary of the D-Day landings. On 6 June, we remember the sacrifices, dedication, and resilience of all who served, their families, and all affected by the Second World War. Lest We Forget.",,0,0,0,,https://x.com/DVAAus/status/1798474886601445405
"Australian Department of Veterans' Affairs@DVAAus·Jun 5, 2024",2024-06-05T04:00:01.000Z,"Scams can happen to a lot of different people, including veterans and families. Read this latest news article, written to help you spot and then stop scams: https://dva.gov.au/news/latest-stories/huge-prize-pool-give-away-too-good-be-true…",,0,0,0,,https://x.com/DVAAus/status/1798203096314544438
"Australian Department of Veterans' Affairs@DVAAus·Jun 1, 2024",2024-05-31T23:00:02.000Z,Aboriginal and Torres Strait Islander people please be advised that this post contains the names and images of deceased persons.,,0,0,0,,https://x.com/DVAAus/status/1796678048562974866
"Australian Department of Veterans' Affairs@DVAAus·Jun 1, 2024",2024-05-31T23:00:02.000Z,"This #NRW2024, we spotlight Gunditjmara man Reginald ‘Reg‘ Saunders MBE. Born in 1920, he served with distinction in the Second World War and the Korean War. We honour all First Nations service men and women who have served in the Australian Defence Force.",,0,0,0,,https://x.com/DVAAus/status/1796678050576216366
"Australian Department of Veterans' Affairs@DVAAus·May 31, 2024",2024-05-31T06:06:40.000Z,Thank you to the trailblazing women veterans who attended our Women Veterans’ Policy Forum in Canberra recently. Outcomes will be detailed in an upcoming report and published the DVA website. For more info or to access past reports visit https://dva.gov.au/about/overview/consultations-and-grants/consultation-women-veterans…,,0,0,0,,https://x.com/DVAAus/status/1796423028835860624
"Australian Department of Veterans' Affairs@DVAAus·May 28, 2024",2024-05-28T05:00:01.000Z,Aboriginal and Torres Strait Islander people please be advised that this post contains the names and images of deceased persons.,,0,0,0,,https://x.com/DVAAus/status/1795319089851679223
"Australian Department of Veterans' Affairs@DVAAus·May 28, 2024",2024-05-28T05:00:02.000Z,"#NRW2024 is a time to reflect on those who have left their indelible mark, such as Darug woman Marion Leane Smith, the only Aboriginal woman recorded to have served in the First World War. We remember her efforts and those of all First Nations people who have served in the ADF.",,0,0,0,,https://x.com/DVAAus/status/1795319093739806904
"Australian Department of Veterans' Affairs@DVAAus·May 27, 2024",2024-05-26T23:00:01.000Z,"#NRW2024 is an opportunity to reflect on how we can all stay connected, understand our histories, cultures and achievements, & move forward together to achieve better outcomes in genuine, respectful partnership with First Nations people. We're all stronger when we work together.",,0,0,0,,https://x.com/DVAAus/status/1794866106680607009
"Australian Department of Veterans' Affairs@DVAAus·May 21, 2024",2024-05-20T23:30:01.000Z,Thank you to everyone who shared their feedback in our recent MyService Experience Survey. To discover what you can do in MyService visit: https://dva.gov.au/myservice#find-out-what-you-can-do-in-myservice…,,0,0,0,,https://x.com/DVAAus/status/1792699327841792394
"Australian Department of Veterans' Affairs@DVAAus·May 20, 2024",2024-05-20T05:00:01.000Z,"Happy #NationalVolunteerWeek!

Volunteers are awesome. They contribute their time and knowledge for the sole benefit of others. 

To all volunteers, especially those who are #ADFVeterans, we say thank you!

#NVW2024",,0,0,0,https://pbs.twimg.com/media/GN_0euwXQAA8Vf2?format=jpg&name=small,https://x.com/DVAAus/status/1792419988038406353
"Australian Department of Veterans' Affairs@DVAAus·May 14, 2024",2024-05-14T10:07:29.000Z,"The Australian Government has announced the Federal Budget for 2024-25, including an additional $477 million to increase support for veterans and families and simplify veteran compensation legislation. Read more: https://dva.gov.au/budget-2024-25",,0,0,0,,https://x.com/DVAAus/status/1790323038807793681
"Australian Department of Veterans' Affairs@DVAAus·May 13, 2024",2024-05-13T04:49:38.000Z,"Whether you use or don’t use MyService, we want to hear from you! Complete our MyService experience survey before it closes on Thursday https://dva.qualtrics.com/jfe/form/SV_b3AYQEPmPTUjp4O…",,0,0,0,https://pbs.twimg.com/media/GNbu-d9XYAAInkj?format=jpg&name=small,https://x.com/DVAAus/status/1789880661991444818
"Australian Department of Veterans' Affairs@DVAAus·May 10, 2024",2024-05-10T05:00:03.000Z,"Check out our latest news article about direct marketing, a popular tactic used by third party organisations and providers to target veterans: https://dva.gov.au/news/latest-stories/knock-knock-are-third-party-organisations-trying-get-your-attention…",,0,0,0,,https://x.com/DVAAus/status/1788796118815461473
"Australian Department of Veterans' Affairs@DVAAus·May 10, 2024",2024-05-09T23:00:01.000Z,MyService will be unavailable from 10:00pm AEST Saturday 11 May to 6:00am AEST Sunday 12 May 2024 while we apply updates to the system. We appreciate your patience. For more information on MyService please visit our website: https://dva.gov.au/myservice,,0,0,0,,https://x.com/DVAAus/status/1788705513011605840
"Australian Department of Veterans' Affairs@DVAAus·May 9, 2024",2024-05-09T01:00:01.000Z,"‘Let the Light Shine’ is a new documentary exploring tales of courage and conflict through the enduring beauty of stained glass. More info here: https://shrine.org.au/screening-let-light-shine…

The filmmakers successfully applied to our Saluting Their Service Grants Program: https://dva.gov.au/about/overview/consultations-and-grants/grants-and-bursaries/saluting-their-service-sts-commemorative-grants-program…",,0,0,0,,https://x.com/DVAAus/status/1788373323048505628
"Australian Department of Veterans' Affairs@DVAAus·May 8, 2024",2024-05-07T22:00:01.000Z,"Today, in 1945, Victory in Europe Day was proclaimed by the Allies, recognising the unconditional surrender of Germany in the Second World War. We remember the service and sacrifice of our countrymen and women in the pursuit of the Allied victory. Lest we forget.",,0,0,0,,https://x.com/DVAAus/status/1787965636137660909
"Australian Department of Veterans' Affairs@DVAAus·May 7, 2024",2024-05-07T06:30:01.000Z,"If you’re a veteran, you can access many of our health programs through your GP, such as a Veterans’ Health Check, Coordinated Veterans’ Care, medication management reviews and more. Next time you visit your GP, let them know you’re an #ADFVeteran and ask how they can help!",,0,0,0,,https://x.com/DVAAus/status/1787731596772081793
"Australian Department of Veterans' Affairs@DVAAus·May 7, 2024",2024-05-07T01:30:25.000Z,"We want to hear from members of the veteran community who don’t use MyService, to help us understand why, so we can make it more accessible. Have your say today: http://spr.ly/6016j57su",,0,0,0,,https://x.com/DVAAus/status/1787656197778161894
"Australian Department of Veterans' Affairs@DVAAus·May 6, 2024",2024-05-05T23:00:02.000Z,"The Anzac Day Schools’ Awards foster gratitude, respect, and an understanding of our military personnel. This year’s focus is local veterans, encouraging students to find innovative ways to connect with those who have served in their community. More info: https://anzacportal.dva.gov.au/education/anzac-day-schools-awards…",,0,0,0,,https://x.com/DVAAus/status/1787255964795605248
"Australian Department of Veterans' Affairs@DVAAus·Apr 30, 2024",2024-04-30T05:00:29.000Z,"#ICYMI check out Vetaffairs Vol. 40 for all the latest veterans’ news! Available online, in PDF, MP3 audio or good old-fashioned hard copy! Download your copy today: https://dva.gov.au/news/vetaffairs/vetaffairs-vol-40-no1-april-2024…",,0,0,0,,https://x.com/DVAAus/status/1785172348074688928
"Australian Department of Veterans' Affairs@DVAAus·Apr 30, 2024",2024-04-29T23:11:51.000Z,Thank you for having your say and helping to shape the future of veterans’ legislation. The Australian Government will consider all of your feedback before it introduces the VETS Bill into the Parliament. All of the info regarding the proposed changes will remain on our website.,,0,0,0,https://pbs.twimg.com/media/GMXkVkvawAA4iGh?format=jpg&name=small,https://x.com/DVAAus/status/1785084612622127430
"Australian Department of Veterans' Affairs@DVAAus·Apr 29, 2024",2024-04-29T01:15:13.000Z,"We will soon be running our annual Client Benefits Client Satisfaction Survey, with the help of independent research organisation, ORIMA Research. More information is on our website https://dva.gov.au/about/overview/consultations-and-grants/client-benefits-client-satisfaction-survey…",,0,0,0,,https://x.com/DVAAus/status/1784753270495281463
"Australian Department of Veterans' Affairs@DVAAus·Apr 27, 2024",2024-04-26T23:00:01.000Z,MyService will be unavailable from midnight to 04:00am AEST Sunday 28 April 2024 while we apply updates to the system. We appreciate your patience. For more information on MyService please visit our website: https://dva.gov.au/myservice,,0,0,0,https://pbs.twimg.com/media/GMIFhCwWoAAmlYD?format=jpg&name=small,https://x.com/DVAAus/status/1783994470670774334
"Australian Department of Veterans' Affairs@DVAAus·Apr 26, 2024",2024-04-26T08:00:10.000Z,The Spirit of Anzac was on display across the country and around the world yesterday as many gathered to pay their respects to those who have served our nation on #AnzacDay.,,0,0,0,https://pbs.twimg.com/media/GME3iPkWEAAUEKL?format=jpg&name=360x360,https://x.com/DVAAus/status/1783768015437214095
"Australian Department of Veterans' Affairs@DVAAus·Apr 26, 2024",2024-04-26T02:41:43.000Z,"The newly refurbished Surrender Point Memorial is now open to the public.

The iconic memorial marks the site of surrender by the Japanese Army to Australian forces in one of the ceremonies that concluded the war in the Pacific in the Second World War.",,0,0,0,,https://x.com/DVAAus/status/1783687875835412594
"Australian Department of Veterans' Affairs@DVAAus·Apr 25, 2024",2024-04-24T23:00:01.000Z,"Anzac Day is a significant day of commemoration, and it can be a challenging time for veterans and their families. If you’re feeling overwhelmed, that’s okay, 24/7 support is just a phone call away.
@OpenArmsSupport  1800 011 046
Defence Member & Family Support 1800 624 608",,0,0,0,https://pbs.twimg.com/media/GL9yVi3XwAAe5qn?format=jpg&name=small,https://x.com/DVAAus/status/1783269694251659333
"Australian Department of Veterans' Affairs@DVAAus·Apr 25, 2024",2024-04-24T19:00:04.000Z,"They shall grow not old,
as we that are left grow old;
Age shall not weary them,
nor the years condemn.
At the going down of the sun
and in the morning
We will remember them.
#LestWeForget",,0,0,0,,https://x.com/DVAAus/status/1783209310371107034
"Australian Department of Veterans' Affairs@DVAAus·Apr 24, 2024",2024-04-23T23:00:01.000Z,"Today is Kapyong Day, marking the anniversary of the Battle of Kapyong in the Korean War. Our thoughts are with all Australians who served in the Korean War and their families. Their efforts and sacrifices shall always be honoured and remembered. Lest we forget.",,0,0,0,https://pbs.twimg.com/media/GL4ovv4XkAARTPB?format=jpg&name=small,https://x.com/DVAAus/status/1782907305593372988
"Australian Department of Veterans' Affairs@DVAAus·Apr 23, 2024",2024-04-23T06:58:25.000Z,"The Anzac Day Schools' Awards help students deepen their understanding of Australia's wartime history. 2024's theme encourages students to get to know veterans in their local area & honour their service & sacrifice. Entries close 5pm, 31 May 2024 (AEST). https://anzacportal.dva.gov.au/education/anzac-day-schools-awards…",,0,0,0,,https://x.com/DVAAus/status/1782665312665493790
"Australian Department of Veterans' Affairs@DVAAus·Apr 23, 2024",2024-04-23T05:32:06.000Z,"Through the Department of Veterans’ Affairs, we assist in the restoration and preservation of existing overseas memorials. This funding ensures that the service by Australian men and women is remembered into the future. To find out more, visit https://dva.gov.au/news/latest-stories/preserving-our-anzac-legacy-abroad-future-generations…",,0,0,0,,https://x.com/DVAAus/status/1782643589614342640
"Australian Department of Veterans' Affairs@DVAAus·Apr 22, 2024",2024-04-21T23:00:01.000Z,"Annually, we distribute a commemorative pack to schools, ex-service organisations, and other associations for Anzac Day. These resources cover elements of military service and daily life during and outside wars and conflicts. To find out more, visit: https://anzacportal.dva.gov.au/commemoration/anzac-day-package…",,0,0,0,https://pbs.twimg.com/media/GLuVkRLW4AEGqub?format=jpg&name=small,https://x.com/DVAAus/status/1782182531678224864
"Australian Department of Veterans' Affairs@DVAAus·Apr 20, 2024",2024-04-19T22:30:01.000Z,"As #AnzacDay approaches, it's vital its traditions and stories live on. Our Anzac Day Kitbag can help younger generations gain an understanding and appreciation of the significance of Anzac Day. These school holidays, explore the Anzac Day Kitbag – https://anzacportal.dva.gov.au/resources/anzac-day-kitbag…",,0,0,0,https://pbs.twimg.com/media/GLj7hThWkAAHD-p?format=jpg&name=small,https://x.com/DVAAus/status/1781450205964976149
"Australian Department of Veterans' Affairs@DVAAus·Apr 19, 2024",2024-04-18T23:32:02.000Z,Missed the VETS Bill webinars? You can watch a recording on the DVA website. We encourage all members of the veteran community to watch the webinar recording to learn more about how the proposed changes will impact you. Visit https://dva.gov.au/about/royal-commission/veterans-legislation-reform-exposure-draft-consultation/how-get-involved-and-submit-your-feedback…,,0,0,0,https://pbs.twimg.com/media/GLfAIEKXYAAAp8T?format=jpg&name=small,https://x.com/DVAAus/status/1781103426044125529
"Australian Department of Veterans' Affairs@DVAAus·Apr 18, 2024",2024-04-18T03:55:49.000Z,"Join us next week on April 25, Anzac Day, to remember them. The @ABC will have comprehensive coverage of #AnzacDay national and international dawn services so you can commemorate, no matter where you are. For more info visit:",,0,0,0,,https://x.com/DVAAus/status/1780807419498504311
"Australian Department of Veterans' Affairs@DVAAus·Apr 18, 2024",2024-04-18T00:02:34.000Z,"We need your help to let us know what works, what doesn’t work and what you want to see in MyService. Have your say and complete our MyService experience survey today https://dva.qualtrics.com/jfe/form/SV_b3AYQEPmPTUjp4O…",,0,0,0,https://pbs.twimg.com/media/GLZ9hoIWYAAgiPG?format=jpg&name=small,https://x.com/DVAAus/status/1780748722193764762
"Australian Department of Veterans' Affairs@DVAAus·Apr 15, 2024",2024-04-15T02:33:08.000Z,"Each year, we distribute commemorative packs to ensure the service and sacrifice of our military personnel lives on in the hearts of all Australians. The 2024 pack includes three unique commemorative posters. Find out more by visiting our Anzac portal – https://anzacportal.dva.gov.au/commemoration/anzac-day-package…",,0,0,0,,https://x.com/DVAAus/status/1779699448244769050
"Australian Department of Veterans' Affairs@DVAAus·Apr 13, 2024",2024-04-12T23:00:02.000Z,Find out more about the proposed changes to veterans’ legislation. We are hosting webinars to explain how the proposed VETS Bill could impact you. Attend here: http://dva.gov.au/VETS_Bill_feedback…,,0,0,0,https://pbs.twimg.com/media/GK__QqnW4AEp8zG?format=jpg&name=small,https://x.com/DVAAus/status/1778921042934653316
"Australian Department of Veterans' Affairs@DVAAus·Apr 13, 2024",2024-04-12T22:30:02.000Z,"How we honour and remember the service and sacrifice of our military personnel is a deeply personal decision. If you’re planning to commemorate Anzac Day, in public or private, and are unsure where to start, we've resources to help guide you. Visit: https://anzacportal.dva.gov.au/commemoration/event-planning…",,0,0,0,https://pbs.twimg.com/media/GK_4ZK6XAAE0W3J?format=jpg&name=small,https://x.com/DVAAus/status/1778913493007167692
"Australian Department of Veterans' Affairs@DVAAus·Apr 12, 2024",2024-04-12T03:29:42.000Z,"Veteran Gold or White Card holders with eligibility under the Veterans' Entitlements Act 1986 (VEA) may have access to the Booked Car with Driver service, where DVA arranges taxi or hire car travel for clients to attend approved treatment with no out of pocket expenses.",,0,0,0,https://pbs.twimg.com/media/GK7zZIxXgAAI_Jn?format=jpg&name=small,https://x.com/DVAAus/status/1778626520099004613
"Australian Department of Veterans' Affairs@DVAAus·Apr 12, 2024",2024-04-12T03:29:43.000Z,"Visit the DVA website to learn more: http://spr.ly/6010wqy7A
 Accessibility: All content in the infographic is available in an accessible format on DVA’s website.",,0,0,0,,https://x.com/DVAAus/status/1778626523718648103
"Australian Department of Veterans' Affairs@DVAAus·Apr 11, 2024",2024-04-11T07:33:21.000Z,"If you missed DVA’s inaugural online Community Consultations Town Hall event, the recording is now available! Click to watch webinar: http://spr.ly/6018wlOEq",,0,0,0,https://pbs.twimg.com/media/GK3hkp3WcAAMKe9?format=jpg&name=small,https://x.com/DVAAus/status/1778325450655252962
"Australian Department of Veterans' Affairs@DVAAus·Apr 8, 2024",2024-04-08T07:03:07.000Z,"The Veterans’ Health Check can help you manage and take charge of your own health, take action to stay well, address health concerns early and develop a relationship with your GP. For more information on the Veterans’ Health Check, visit http://dva.gov.au/veteranhealthcheck…",,0,0,0,,https://x.com/DVAAus/status/1777230676191785445
"Australian Department of Veterans' Affairs@DVAAus·Apr 8, 2024",2024-04-08T00:50:35.000Z,Find out more about the proposed changes to veterans’ legislation. We are hosting three webinars to explain how the proposed VETS Bill could impact you. Attend here: http://dva.gov.au/VETS_Bill_feedback…,,0,0,0,https://pbs.twimg.com/media/GKmonY5W4AAOidK?format=jpg&name=small,https://x.com/DVAAus/status/1777136926249676835
"Australian Department of Veterans' Affairs@DVAAus·Apr 5, 2024",2024-04-05T02:56:26.000Z,Find out more about the proposed changes to veterans’ legislation. We are hosting webinars to explain how the proposed VETS Bill could impact you. Attend here: http://dva.gov.au/VETS_Bill_feedback…,,0,0,0,,https://x.com/DVAAus/status/1776081431837446275
"Australian Department of Veterans' Affairs@DVAAus·Apr 4, 2024",2024-04-04T00:06:24.000Z,"Veterans will retain their Totally and Permanently Incapacitated (TPI) benefits under the proposed changes to veterans’ legislation. Benefits arising from claims, including TPI, lodged prior to 1 July 2026 would be grandparented. More here: https://dva.gov.au/about/royal-commission/veterans-legislation-reform-exposure-draft-consultation/how-do-changes-impact-you…",,0,0,0,,https://x.com/DVAAus/status/1775676257272836162
"Australian Department of Veterans' Affairs@DVAAus·Apr 4, 2024",2024-04-03T23:48:04.000Z,"Service providers and other third-party organisations play an important role in offering programs and services for veterans and families. Most do the right thing, but some don’t, read more here: http://dva.gov.au/news/latest-stories/can-you-recognise-suspicious-provider-behaviour…",,0,0,0,https://pbs.twimg.com/media/GKRz3YpaQAAbVgb?format=jpg&name=small,https://x.com/DVAAus/status/1775671641680617787
"Australian Department of Veterans' Affairs@DVAAus·Apr 3, 2024",2024-04-03T03:58:53.000Z,"Applications for VetPaths 2024 close tomorrow! Have your questions answered –listen to senior APS leaders, a past VetPaths participant and recruitment specialists discuss everything VetPaths. Access the VetPaths Live Event here: https://dva.gov.au/about/careers/continuing-serve-vetpaths-aps-veteran-employment-pathway…",,0,0,0,https://pbs.twimg.com/media/GKNjw_XW8AAvsl7?format=jpg&name=small,https://x.com/DVAAus/status/1775372374747070713
"Australian Department of Veterans' Affairs@DVAAus·Apr 3, 2024",2024-04-03T01:12:21.000Z,"We provide veterans with profound hearing loss specialised smoke alarm packages that include a high quality smoke alarm, vibration pad, and flashing light. For more details and to see if you are eligible, visit: https://dva.gov.au/get-support/providers/rehabilitation-appliances-program-rap/rap-national-guidelines/assistive-listening-devices-alds-tinnitus-devices-and-hearing-devices…",,0,0,0,,https://x.com/DVAAus/status/1775330464368115924
"Australian Department of Veterans' Affairs@DVAAus·Apr 1, 2024",2024-04-01T07:10:06.000Z,Find out more about the proposed changes to veterans’ legislation. We are hosting three webinars to explain how the proposed VETS Bill could impact you. Attend here: http://dva.gov.au/VETS_Bill_feedback…,,0,0,0,https://pbs.twimg.com/media/GKD8WX_WsAAx8Ny?format=jpg&name=small,https://x.com/DVAAus/status/1774695717690278012
"Australian Department of Veterans' Affairs@DVAAus·Mar 30, 2024",2024-03-30T03:22:07.000Z,"You will retain your current benefits under proposed changes to veterans’ legislation. Existing entitlements will be ‘grandparented’, meaning veterans and families who already receive payments and benefits won’t experience any changes. Read more: https://dva.gov.au/about/royal-commission/veterans-legislation-reform-exposure-draft-consultation/how-do-changes-impact-you…",,0,0,0,,https://x.com/DVAAus/status/1773913568053801407
"Australian Department of Veterans' Affairs@DVAAus·Mar 28, 2024",2024-03-28T05:34:23.000Z,"You’re invited to attend DVA’s inaugural online Community Consultations Town Hall event on Veteran and Families Hubs. Join DVA’s Deputy Secretary, Alison McLaren and Mark Brewer, the acting Deputy President of the Repatriation Commission on April 9 from 12:30pm-14:00pm AEST.",,0,0,0,https://pbs.twimg.com/media/GJvAFeNXYAAo7kb?format=jpg&name=small,https://x.com/DVAAus/status/1773222081406120279
"Australian Department of Veterans' Affairs@DVAAus·Mar 28, 2024",2024-03-28T05:34:24.000Z,"Click to join event on April 9, 12:30pm: http://spr.ly/6012ZbjU0",,0,0,0,,https://x.com/DVAAus/status/1773222083507470385
"Australian Department of Veterans' Affairs@DVAAus·Mar 28, 2024",2024-03-28T04:30:01.000Z,Find out more about the proposed changes to veterans’ legislation. We are hosting three webinars to explain how the proposed VETS Bill could impact you. Attend here: http://spr.ly/6017ZbT1c,,0,0,0,,https://x.com/DVAAus/status/1773205880806183210
"Australian Department of Veterans' Affairs@DVAAus·Mar 28, 2024",2024-03-28T00:44:22.000Z,Have you separated or transitioned from the ADF and wanting to move into a career in the APS – this is your opportunity! Submit your application to the VetPaths 2024. Applications close Thursday 4 April. Learn more here: https://dva.gov.au/about/careers/continuing-serve-vetpaths-aps-veteran-employment-pathway…,,0,0,0,,https://x.com/DVAAus/status/1773149095248503029
"Australian Department of Veterans' Affairs@DVAAus·Mar 25, 2024",2024-03-25T01:05:55.000Z,"The Australian Government is inviting expressions of interest to fill future Australian War Memorial (Memorial) Council positions. Expressions of interest close at 11:59pm AEST on Sunday, 5 May 2024. Further details here: http://dvajobs.nga.net.au",,0,0,0,,https://x.com/DVAAus/status/1772067356035952690
"Australian Department of Veterans' Affairs@DVAAus·Mar 23, 2024",2024-03-22T19:00:01.000Z,Would you like to know more about the proposed changes to veterans’ legislation? We are hosting three webinars to explain how the proposed VETS Bill could impact you. Attend here: http://dva.gov.au/VETS_Bill_feedback…,,0,0,0,https://pbs.twimg.com/media/GJS-8N_XMAAVtK3?format=jpg&name=small,https://x.com/DVAAus/status/1771250498709885339
"Australian Department of Veterans' Affairs@DVAAus·Mar 22, 2024",2024-03-22T04:41:08.000Z,"Register your attendance for the VetPaths 2024 online information session! Hear first-hand experiences from past VetPaths participants, learn more about the app process, how your experience and skills translate and ask questions. To register please email VetPaths@dva.gov.au",,0,0,0,https://pbs.twimg.com/media/GJP6W1FWcAAUIFn?format=jpg&name=small,https://x.com/DVAAus/status/1771034351708348793
"Australian Department of Veterans' Affairs@DVAAus·Mar 22, 2024",2024-03-22T03:56:47.000Z,MyService will be unavailable from 00:00 AEDST Sunday 24 March until 4:00am AEDST Sunday 24 March 2024 while we apply updates to the system. We appreciate your patience. For more information on MyService please visit our website: https://dva.gov.au/myservice,,0,0,0,https://pbs.twimg.com/media/GJPwNKDW0AAdZwm?format=jpg&name=small,https://x.com/DVAAus/status/1771023190136930647
"Australian Department of Veterans' Affairs@DVAAus·Mar 21, 2024",2024-03-21T06:08:32.000Z,"Our dedicated staff from the Office of Australian War Graves continue to care for the final resting places of those who have served our nation, even if it rains, hails or shines. In Cairns, our Regional Manager has been checking in on the war graves to assess potential damage.",,0,0,0,,https://x.com/DVAAus/status/1770693957514670265
"Australian Department of Veterans' Affairs@DVAAus·Mar 21, 2024",2024-03-20T23:27:41.000Z,"Veterans won’t lose their Totally and Permanently Incapacitated (TPI) benefits under the proposed changes to veterans’ legislation. All claims, including TPI, lodged prior to 1 July 2026 will be grandparented. More here: https://dva.gov.au/about/royal-commission/veterans-legislation-reform-exposure-draft-consultation/how-do-changes-impact-you…",,0,0,0,,https://x.com/DVAAus/status/1770593083651977477
"Australian Department of Veterans' Affairs@DVAAus·Mar 20, 2024",2024-03-20T05:00:01.000Z,Have you transitioned from the ADF and are looking to continue your civilian career with the APS? Applications are now open to for the 2024 Veteran Employment Pathway! Applications close 4 April - submit your application: here: https://dva.gov.au/about/careers/continuing-serve-vetpaths-aps-veteran-employment-pathway…,,0,0,0,,https://x.com/DVAAus/status/1770314329906090147
"Australian Department of Veterans' Affairs@DVAAus·Mar 20, 2024",2024-03-20T00:53:04.000Z,"On 20 March some veteran pension payments will increase in line with pension indexation. For more information including a summary of pension rates, limits and allowances please visit: https://dva.gov.au/get-support/financial-support/payment-rates/summary-pension-rates-limits-and-allowances…",,0,0,0,,https://x.com/DVAAus/status/1770252181670625500
"Australian Department of Veterans' Affairs@DVAAus·Mar 18, 2024",2024-03-17T23:17:30.000Z,"Expressions of Interest for the Women Veterans Policy Forum are closing soon! The Forum is an opportunity to co-design future DVA policy and service delivery options, informed by your lived experience. Register here: https://dva.qualtrics.com/jfe/form/SV_bkYhKcQH5QZXpEa…",,0,0,0,,https://x.com/DVAAus/status/1769503356836540580
"Australian Department of Veterans' Affairs@DVAAus·Mar 16, 2024",2024-03-15T23:00:02.000Z,"We know the current veterans’ legislation is complex and causes delays. The proposed Veterans’ Entitlements, Treatment and Support (Simplification and Harmonisation) Bill 2024 will change that. Submissions close Sunday 28 April. Learn more: https://dva.gov.au/about/royal-commission/veterans-legislation-reform-exposure-draft-consultation/draft-legislation-what-it-and-what-it-will-do…",,0,0,0,,https://x.com/DVAAus/status/1768774182991495645
"Australian Department of Veterans' Affairs@DVAAus·Mar 14, 2024",2024-03-14T03:40:12.000Z,"Worried you’ll lose your benefits under changes to veterans’ legislation? Don’t be! Existing entitlements will be ‘Grandparented’, meaning veterans and families who already receive payments and benefits won’t experience any changes. Read more: https://dva.gov.au/about/royal-commission/veterans-legislation-reform-exposure-draft-consultation/how-do-changes-impact-you…",,0,0,0,,https://x.com/DVAAus/status/1768119915632828493
"Australian Department of Veterans' Affairs@DVAAus·Mar 14, 2024",2024-03-13T23:56:53.000Z,MyService will be unavailable from 23:00 AEDST Friday 15 March until 13:00 AEDST Sunday 17 March 2024 while we apply updates to the system. We appreciate your patience. For more information on MyService please visit our website: https://dva.gov.au/myservice,,0,0,0,,https://x.com/DVAAus/status/1768063717051191449
"Australian Department of Veterans' Affairs@DVAAus·Mar 12, 2024",2024-03-12T05:06:48.000Z,"Congratulations to @RSLQueensland on their selection as the lead organisation to develop a Veterans’ and Families’ Hub in Ipswich. To support the development of the Hub, the Australian Government is providing RSL Queensland with a grant of $5.445 million. @mattkeogh",,0,0,0,,https://x.com/DVAAus/status/1767416933777907831
"Australian Department of Veterans' Affairs@DVAAus·Mar 12, 2024",2024-03-11T21:41:58.000Z,"There’s one week left to register your interest in our 2024 Women Veterans Policy Forum! Your voice matters, and we encourage all women who have served in the ADF to get involved. Register your interest here: https://dva.qualtrics.com/jfe/form/SV_bkYhKcQH5QZXpEa…",,0,0,0,,https://x.com/DVAAus/status/1767304986059276470
"Australian Department of Veterans' Affairs@DVAAus·Mar 11, 2024",2024-03-11T00:48:59.000Z,"The Minister for Veterans’ Affairs @mattkeogh today announced a $5.445 million grant for @RSLLifeCare  to establish a Veterans’ and Families’ Hub in the Hunter region.

Great news for the veteran community in the Hunter!

Learn more: http://dva.gov.au/vfhubs",,0,0,0,,https://x.com/DVAAus/status/1766989665318400008
"Australian Department of Veterans' Affairs@DVAAus·Mar 6, 2024",2024-03-06T03:11:27.000Z,"More than 90 applicants will share in over $1 million of funding through the 2023-24 Saluting Their Service commemorative grants program.

For more information, or to apply for the next batch, visit: http://grants.gov.au",,0,0,0,,https://x.com/DVAAus/status/1765213575717466114
"Australian Department of Veterans' Affairs@DVAAus·Mar 5, 2024",2024-03-05T05:42:40.000Z,"Expressions of Interest for our upcoming Women Veterans Policy Forum are now open! Your voice matters, and we encourage all women who have served in the ADF to get involved. Register your interest here:
https://dva.qualtrics.com/jfe/form/SV_bkYhKcQH5QZXpEa…",,0,0,0,,https://x.com/DVAAus/status/1764889243493495167
"Australian Department of Veterans' Affairs@DVAAus·Mar 5, 2024",2024-03-05T05:42:40.000Z,"Registrations close 11.59pm AEDT Wednesday, 20 March. Numbers are limited.

If you have any questions about the Forum email us at  consultation@ http://dva.gov.au",,0,0,0,,https://x.com/DVAAus/status/1764889246119194977
"Australian Department of Veterans' Affairs@DVAAus·Mar 5, 2024",2024-03-04T23:46:38.000Z,"From today, a new model comes into effect - improving the way providers deliver our Rehabilitation Program. You can read about the changes here: https://dva.gov.au/news/latest-stories/rehabilitation-program-service-delivery-enhancements-commenced…",,0,0,0,,https://x.com/DVAAus/status/1764799644742140063
"Australian Department of Veterans' Affairs@DVAAus·Mar 3, 2024",2024-03-02T22:00:01.000Z,"An image you can hear

Veterans who have participated in the @healthgovau Hearing Services Program (HSP) are encouraged to provide their feedback via an online survey here: https://consultations.health.gov.au/rpgd-hearing/6f8d4950/consultation/intro/… 

The survey will take approximately  15 minutes and closes on  2 April 2024.",,0,0,0,,https://x.com/DVAAus/status/1764048037083541673
"Australian Department of Veterans' Affairs@DVAAus·Mar 1, 2024",2024-03-01T08:53:55.000Z,"RSL LifeCare has been awarded a $5.445 million grant to establish a unique Veterans’ and Families’ Hub network, connecting the Hawkesbury to South Western Sydney. Learn more: http://dva.gov.au/vfhubs",,0,0,0,https://pbs.twimg.com/media/GHkq09IWgAAJUTT?format=jpg&name=small,https://x.com/DVAAus/status/1763487820818022910
"Australian Department of Veterans' Affairs@DVAAus·Feb 29, 2024",2024-02-29T08:00:01.000Z,"The 2024-25 Saluting Their Service Commemorative Grants program is now open with $3.5 million available this year.

We encourage community groups undertaking commemorative projects or activities to apply.

Further details here: http://communitygrants.gov.au",,0,0,0,https://pbs.twimg.com/media/GHfU5lRWsAEu-NF?format=jpg&name=small,https://x.com/DVAAus/status/1763111868183224420
"Australian Department of Veterans' Affairs@DVAAus·Feb 29, 2024",2024-02-29T05:00:01.000Z,"The draft Veterans’ Entitlements, Treatment and Support (VETS) Bill 2024 will provide a simpler and easier to use system for the veteran community. We want to hear from those the VETS Bill will impact the most. Submit your feedback here: https://dva.gov.au/about/royal-commission/veterans-legislation-reform-exposure-draft-consultation/how-get-involved-and-submit-your-feedback…",,0,0,0,,https://x.com/DVAAus/status/1763066571847557296
"Australian Department of Veterans' Affairs@DVAAus·Feb 28, 2024",2024-02-27T22:39:54.000Z,"You have the opportunity to shape the future of veterans’ entitlements legislation by having your say during the consultation period – 28 February to 28 April, 2024.",,0,0,0,,https://x.com/DVAAus/status/1762608524255789370
"Australian Department of Veterans' Affairs@DVAAus·Feb 28, 2024",2024-02-27T22:39:55.000Z,"We encourage you to review the VETS Bill, understand what’s different and why, and provide your feedback: https://dva.gov.au/legislationreform…",,0,0,0,,https://x.com/DVAAus/status/1762608527481168303
"Australian Department of Veterans' Affairs@DVAAus·Feb 28, 2024",2024-02-27T22:39:53.000Z,"The Government is simplifying veterans’ legislation so veterans & families can get the support they deserve. The draft Veterans’ Entitlements, Treatment and Support (VETS)(Simplification and Harmonisation) Bill 2024 will provide an easier to use system for the veteran community.",,0,0,0,,https://x.com/DVAAus/status/1762608518958305591
"Australian Department of Veterans' Affairs@DVAAus·Feb 24, 2024",2024-02-23T22:00:00.000Z,"Today on #NationalDayForWarAnimals, we remember all of the critters who, like Cocky, looked out for their mates. Not just on the battlefield, but at home. Read about the cockatoo who lifted the spirits of First World War veterans here: https://awm.gov.au/collection/RELAWM08024…",,0,0,0,,https://x.com/DVAAus/status/1761148932967600371
"Australian Department of Veterans' Affairs@DVAAus·Feb 23, 2024",2024-02-23T04:28:12.000Z,MyService will be unavailable from midnight Saturday 24 February 2024 to 03:00am AEDST Sunday 25 February 2024 while we apply updates to the system. We appreciate your patience. For more information on MyService please visit our website: https://dva.gov.au/myservice,,0,0,0,,https://x.com/DVAAus/status/1760884238356758937
"Australian Department of Veterans' Affairs@DVAAus·Feb 23, 2024",2024-02-22T22:41:05.000Z,"Earlier this week, the Government announced $5.445 million funding for RSL Victoria to establish a Veterans’ and Families’ Hub in the Surf Coast/Geelong region. Great news for the region’s 6,600 veterans and families who’ll receive the support they deserve much closer to home.",,0,0,0,,https://x.com/DVAAus/status/1760796883516026935
"Australian Department of Veterans' Affairs@DVAAus·Feb 22, 2024",2024-02-22T05:13:58.000Z,"‘For Every Drop Shed in Anguish’ is more than a sculpture, it’s a place of remembrance and reflection. To watch a recording of the livestream of the Dedication Ceremony please visit the @AWMemorial website: https://awm.gov.au/about/our-work/projects/sufferings-of-war-and-service/dedication-ceremony…",,0,0,0,,https://x.com/DVAAus/status/1760533368960127366
"Australian Department of Veterans' Affairs@DVAAus·Feb 20, 2024",2024-02-20T05:58:49.000Z,"Get your BEST application in before 9:00pm AEDT, 29 February 2024. Building Excellence in Support and Training (BEST) grants provide funding for ex-service organisations who offer assistance with entitlements, services and claims. Visit: http://spr.ly/6012nrEte",,0,0,0,,https://x.com/DVAAus/status/1759819879916462263
"Australian Department of Veterans' Affairs@DVAAus·Feb 19, 2024",2024-02-19T06:05:01.000Z,The Victorian Garden of Remembrance (GRM) within the Springvale Botanical Cemetery is temporarily closed to the public until the impacts of recent weather events are assessed in full and the site is deemed safe for visitors. The Springvale War Cemetery is open.,,0,0,0,,https://x.com/DVAAus/status/1759459052256371110
"Australian Department of Veterans' Affairs@DVAAus·Feb 19, 2024",2024-02-18T23:27:01.000Z,"On this day 82 years ago, Japanese forces bombed Darwin, marking the first incursion on Australian soil during the Second World War. Today, we commemorate those who served and remember the sacrifices they and their families made in the defence of our nation. #LestWeForget",,0,0,0,,https://x.com/DVAAus/status/1759358891924586983
"Australian Department of Veterans' Affairs@DVAAus·Feb 14, 2024",2024-02-13T22:30:01.000Z,"Today we observe National Servicemen’s Day. Over 280,000 Australians served as ‘Nashos’ in two schemes following the Second World War. Today we pause to remember the sacrifices made by all ‘Nashos’ and their families. #Lestweforget
: @AWMemorial",,0,0,0,,https://x.com/DVAAus/status/1757532606894121050
"Open Arms - Veterans & Families Counselling@OpenArmsSupport·Feb 13, 2024",2024-02-13T00:40:02.000Z,"Asking for support isn't admitting defeat, you’re calling in fire support. 

Communication is key, and today on #WorldRadioDay we acknowledge a handy piece of kit which helps us connect to one another, no matter where we are. 

Signal us on 1800 011 046 for 24/7 support",,0,0,0,,https://x.com/OpenArmsSupport/status/1757202939788116182
"Australian Department of Veterans' Affairs@DVAAus·Feb 8, 2024",2024-02-08T01:23:58.000Z,"Did you know Ex-Service Organisations offer free advocacy services to help veterans and families with DVA claims and wellbeing support.  You don’t need to pay someone to help you. Find an ESO advocate here.

Read more: http://dva.gov.au/news/latest-stories/free-advocacy-support-veterans-and-their-families…",,0,0,0,,https://x.com/DVAAus/status/1755402054200082534
"Australian Department of Veterans' Affairs@DVAAus·Feb 3, 2024",2024-02-02T22:00:01.000Z,"The Anzac Day Schools’ Awards are open!  

The theme for 2024 is “Discover the stories of veterans in your local community”. 

For more, visit our Anzac Portal https://anzacportal.dva.gov.au/education/anzac-day-schools-awards…
#AnzacDay #LestWeForget",,0,0,0,,https://x.com/DVAAus/status/1753538790252007454
"Australian Department of Veterans' Affairs@DVAAus·Feb 2, 2024",2024-02-02T05:02:22.000Z,Older veterans using mobility scooters and adaptive household appliances are urged to always follow manufacturer’s instructions when recharging their equipment following an increasing number of fires linked to the lithium-ion batteries  @ACCCProdSafety,,0,0,0,,https://x.com/DVAAus/status/1753282689346466069
"Australian Department of Veterans' Affairs@DVAAus·Jan 29, 2024",2024-01-28T23:37:15.000Z,UPDATE 29/01/2024: Our Townsville office has reopened today!,,0,0,0,,https://x.com/DVAAus/status/1751751318719635657
"Australian Department of Veterans' Affairs@DVAAus·Jan 26, 2024",2024-01-25T21:00:03.000Z,"Australia has a rich and storied history, of highs and lows, of peace and conflict. None play a more solemn role in Australia's history than those who have served in the @Australian_Navy @AustralianArmy & @AusAirForce
#AusNavy #AusArmy #AusAirForce #YourADF #ADFVeterans",,0,0,0,,https://x.com/DVAAus/status/1750624596577956144
"Australian Department of Veterans' Affairs@DVAAus·Jan 26, 2024",2024-01-25T21:00:08.000Z,Pick any chapter of our nation's history and you'll find a common theme. From the cliffs of Gallipoli to the jungles of Vietnam. From the Coral Sea to the skies above Korea. From the Pacific Islands to the deserts of the Middle East. Wherever you look you'll find mateship.,,0,0,0,,https://x.com/DVAAus/status/1750624615875891678
"Australian Department of Veterans' Affairs@DVAAus·Jan 26, 2024",2024-01-25T21:00:08.000Z,"Today, on Australia Day, we reflect on our nation's history and remember those who served the nation they called home. You can read stories of service from our nation’s history on our Anzac Portal here:",,0,0,0,,https://x.com/DVAAus/status/1750624618958721043
"Australian Department of Veterans' Affairs@DVAAus·Jan 25, 2024",2024-01-25T00:23:06.000Z,Our Townsville office will be closed today due to Tropical Cyclone Kirrily. We apologise for any inconvenience this may cause. You can still call us on 1800 VETERAN (1800 838 372) or lodge enquiries through MyService. Call  000 in an emergency.,,0,0,0,,https://x.com/DVAAus/status/1750313306420592859
"Australian Department of Veterans' Affairs@DVAAus·Jan 24, 2024",2024-01-23T23:19:20.000Z,"Final call for veterans working in civilian medical, logistics corporate (female specific) roles, or as a cook/chef, to feature in a new national advertising campaign. Download the form: http://spr.ly/6016TjoJI & send it to  veteransemployment@dva.gov.au by midday 25 January.",,0,0,0,,https://x.com/DVAAus/status/1749934872544633027
"Australian Department of Veterans' Affairs@DVAAus·Jan 23, 2024",2024-01-23T04:30:02.000Z,"The Minister for Veterans' Affairs @mattkeogh today announced a $5 million grant for @rsllifecare to establish the Queanbeyan Veterans’ and Families’ Hub. 

Congratulations @RSLLCVS & @RSLNSW! 

Read more here: https://dva.gov.au/news/latest-stories/tailored-veteran-support-and-services-coming-southeast-nsw-and-act…",,0,0,0,,https://x.com/DVAAus/status/1749650675825360925
"Australian Department of Veterans' Affairs@DVAAus·Jan 18, 2024",2024-01-18T01:20:01.000Z,"Today, the Minister for Veterans Affairs @MattKeogh announced a $5 million grant to @LivesLivedWell to establish the Northern Adelaide Veterans’ and Families’ Hub. 

Well done, Lives Lived Well!",,0,0,0,,https://x.com/DVAAus/status/1747790916515930178
